{
  "version": "public-smoke-v0",
  "tasks": {
    "rmsnorm": [
      {
        "name": "two_rows_dim4",
        "inputs": {
          "x": [
            [1.0, -2.0, 0.5, 3.0],
            [0.25, -0.75, 1.25, -1.5]
          ],
          "weight": [1.0, 0.5, 1.5, -1.0],
          "eps": 0.000001
        }
      },
      {
        "name": "near_zero_row",
        "inputs": {
          "x": [
            [0.0, 0.0, 0.0, 0.0],
            [0.001, -0.001, 0.002, -0.002]
          ],
          "weight": [1.0, 1.0, 0.75, 1.25],
          "eps": 0.00001
        }
      }
    ],
    "rope": [
      {
        "name": "seq3_dim4",
        "inputs": {
          "q": [
            [1.0, 0.0, 0.5, -0.5],
            [0.25, 0.75, -1.0, 0.5],
            [1.5, -0.5, 0.0, 1.0]
          ],
          "k": [
            [0.5, 0.25, -0.75, 1.0],
            [1.0, -1.0, 0.25, 0.75],
            [-0.5, 1.25, 0.5, -0.25]
          ],
          "cos": [
            [1.0, 1.0],
            [0.5403023058681398, 0.8775825618903728],
            [-0.4161468365471424, 0.5403023058681398]
          ],
          "sin": [
            [0.0, 0.0],
            [0.8414709848078965, 0.479425538604203],
            [0.9092974268256817, 0.8414709848078965]
          ]
        }
      }
    ],
    "causal_attention_prefill": [
      {
        "name": "seq3_dim2",
        "inputs": {
          "q": [
            [0.5, 1.0],
            [1.0, -0.25],
            [-0.5, 0.75]
          ],
          "k": [
            [0.25, 0.5],
            [1.0, 0.0],
            [-0.5, 1.0]
          ],
          "v": [
            [1.0, 0.0],
            [0.0, 2.0],
            [1.5, -1.0]
          ]
        }
      }
    ],
    "kv_decode_microcase": [
      {
        "name": "cache4_dim2",
        "inputs": {
          "query": [0.75, -0.25],
          "keys": [
            [0.5, 0.0],
            [0.25, -0.75],
            [-0.5, 1.0],
            [1.0, -0.5]
          ],
          "values": [
            [1.0, 0.0],
            [0.5, 1.5],
            [-1.0, 0.25],
            [2.0, -0.5]
          ]
        }
      }
    ]
  }
}

